Model,Accuracy,Precision,Recall,F-score
Autoformer,0.959375,0.897225,0.6549,0.75405
DACAD,0.960325,0.8961,0.662825,0.7592
Fourier_Transformer,0.9600500000000001,0.882325,0.703375,0.77145
OmniAnomaly,0.961025,0.89165,0.669575,0.76225
TimesNet,0.9667749999999999,0.897225,0.752925,0.81245
TranAD,0.96705,0.895925,0.758825,0.81525
Transformer,0.960225,0.8959,0.66265,0.759125
