Model,Peak Memory (MiB),Avg Memory (MiB),Max GPU Util (%),Avg GPU Util (%)
Autoformer,306.0,241.58771929824562,27.0,17.412280701754387
DACAD,196.0,191.2235294117647,23.0,14.135294117647058
Fourier_Transformer,2004.0,684.2451253481894,73.0,62.296657381615596
OmniAnomaly,296.0,289.856,32.0,16.8
TimesNet,422.0,391.77464788732397,96.0,81.0580985915493
TranAD,382.0,358.3642857142857,96.0,80.01428571428572
Transformer,494.0,461.841726618705,71.0,39.56115107913669
